Workbook

Sheet Нэхэмжлэх
A1: Хуудас | B1: Огноо | C1: PO дугаар | D1: Банк | E1: Мөрийн тоо | F1: Нийт (мөрөөс) | G1: Нэхэмжлэх дээрх дүн | H1: Зөрүү | I1: НӨАТ-гүй | J1: НӨАТ 10%
A2: 1 | B2: 2026-07-28 | C2: 26-1102 | D2: М банк | E2: =COUNTIF(Мөрүүд!C:C,C2) | F2: =SUMIF(Мөрүүд!C:C,C2,Мөрүүд!L:L) | G2: 16830000 | H2: =F2-G2 | I2: =F2/1.1 | J2: =F2-I2
A3: 2 | B3: 2026-07-28 | C3: 26-1105 | D3: М банк | E3: =COUNTIF(Мөрүүд!C:C,C3) | F3: =SUMIF(Мөрүүд!C:C,C3,Мөрүүд!L:L) | G3: 7733000 | H3: =F3-G3 | I3: =F3/1.1 | J3: =F3-I3
A4: 3 | B4: 2026-08-04 | C4: 26-1106 | D4: М банк | E4: =COUNTIF(Мөрүүд!C:C,C4) | F4: =SUMIF(Мөрүүд!C:C,C4,Мөрүүд!L:L) | G4: 19470000 | H4: =F4-G4 | I4: =F4/1.1 | J4: =F4-I4
A5: 4 | B5: 2026-08-05 | C5: 26-1107 | D5: М банк | E5: =COUNTIF(Мөрүүд!C:C,C5) | F5: =SUMIF(Мөрүүд!C:C,C5,Мөрүүд!L:L) | G5: 10890000 | H5: =F5-G5 | I5: =F5/1.1 | J5: =F5-I5
A6: 5 | B6: 2026-08-05 | C6: 26-1108 | D6: Голомт банк | E6: =COUNTIF(Мөрүүд!C:C,C6) | F6: =SUMIF(Мөрүүд!C:C,C6,Мөрүүд!L:L) | G6: 42310300 | H6: =F6-G6 | I6: =F6/1.1 | J6: =F6-I6
A7: 6 | B7: 2026-08-10 | C7: 26-1109 | D7: Голомт банк | E7: =COUNTIF(Мөрүүд!C:C,C7) | F7: =SUMIF(Мөрүүд!C:C,C7,Мөрүүд!L:L) | G7: 4840000 | H7: =F7-G7 | I7: =F7/1.1 | J7: =F7-I7
A8: 7 | B8: 2026-08-10 | C8: 26-1110 | D8: Голомт банк | E8: =COUNTIF(Мөрүүд!C:C,C8) | F8: =SUMIF(Мөрүүд!C:C,C8,Мөрүүд!L:L) | G8: 594000 | H8: =F8-G8 | I8: =F8/1.1 | J8: =F8-I8
A9: 8 | B9: 2026-08-25 | C9: 26-1118 | D9: Голомт банк | E9: =COUNTIF(Мөрүүд!C:C,C9) | F9: =SUMIF(Мөрүүд!C:C,C9,Мөрүүд!L:L) | G9: 451000 | H9: =F9-G9 | I9: =F9/1.1 | J9: =F9-I9
A10: 9 | B10: 2026-09-01 | C10: 26-1122 | D10: М банк | E10: =COUNTIF(Мөрүүд!C:C,C10) | F10: =SUMIF(Мөрүүд!C:C,C10,Мөрүүд!L:L) | G10: 5681500 | H10: =F10-G10 | I10: =F10/1.1 | J10: =F10-I10
A11: 10 | B11: 2026-09-02 | C11: 26-1123 | D11: М банк | E11: =COUNTIF(Мөрүүд!C:C,C11) | F11: =SUMIF(Мөрүүд!C:C,C11,Мөрүүд!L:L) | G11: 6875000 | H11: =F11-G11 | I11: =F11/1.1 | J11: =F11-I11
A12: 11 | B12: 2026-09-02 | C12: 26-1124 | D12: М банк | E12: =COUNTIF(Мөрүүд!C:C,C12) | F12: =SUMIF(Мөрүүд!C:C,C12,Мөрүүд!L:L) | G12: 1980000 | H12: =F12-G12 | I12: =F12/1.1 | J12: =F12-I12
A13: 12 | B13: 2026-09-02 | C13: 26-1125 | D13: М банк | E13: =COUNTIF(Мөрүүд!C:C,C13) | F13: =SUMIF(Мөрүүд!C:C,C13,Мөрүүд!L:L) | G13: 23950000 | H13: =F13-G13 | I13: =F13/1.1 | J13: =F13-I13
... A15: 14 | B15: 2026-09-08 | C15: 26-1130 | D15: М банк | E15: =COUNTIF(Мөрүүд!C:C,C15) | F15: =SUMIF(Мөрүүд!C:C,C15,Мөрүүд!L:L) | G15: 13200000 | H15: =F15-G15 | I15: =F15/1.1 | J15: =F15-I15
A16: НИЙТ | E16: =SUM(E2:E15) | F16: =SUM(F2:F15) | G16: =SUM(G2:G15) | H16: =SUM(H2:H15) | I16: =SUM(I2:I15) | J16: =SUM(J2:J15)

Sheet Мөрүүд
A1: Хуудас | B1: Огноо | C1: PO дугаар | D1: Сар | E1: Харилцагч | F1: Худалдан авагч | G1: Банк | H1: Бараа материал | I1: Нэгж | J1: Тоо | K1: Нэгж үнэ | L1: Нийт (НӨАТ-тэй) | M1: НӨАТ-гүй дүн | N1: НӨАТ 10%
A2: 1 | B2: 2026-07-28 | C2: 26-1102 | D2: 2026-07 | E2: Евро Ази Сервис ХХК | F2: Buuruljuut Power Plant | G2: М банк | H2: N95 маск | I2: ш | J2: 1000 | K2: 990 | L2: =J2*K2 | M2: =L2/1.1 | N2: =L2-M2
A3: 1 | B3: 2026-07-28 | C3: 26-1102 | D3: 2026-07 | E3: Евро Ази Сервис ХХК | F3: Buuruljuut Power Plant | G3: М банк | H3: 1 удаагийн комбинзон | I3: ш | J3: 1500 | K3: 8800 | L3: =J3*K3 | M3: =L3/1.1 | N3: =L3-M3
A4: 1 | B4: 2026-07-28 | C4: 26-1102 | D4: 2026-07 | E4: Евро Ази Сервис ХХК | F4: Buuruljuut Power Plant | G4: М банк | H4: Алгатай бээлий | I4: ш | J4: 2000 | K4: 1320 | L4: =J4*K4 | M4: =L4/1.1 | N4: =L4-M4
A5: 2 | B5: 2026-07-28 | C5: 26-1105 | D5: 2026-07 | E5: Евро Ази Сервис ХХК | F5: Buuruljuut Power Plant | G5: М банк | H5: Гагнуурын хувцас илгэн материалтай өмд цамц | I5: ш | J5: 3 | K5: 198000 | L5: =J5*K5 | M5: =L5/1.1 | N5: =L5-M5
A6: 2 | B6: 2026-07-28 | C6: 26-1105 | D6: 2026-07 | E6: Евро Ази Сервис ХХК | F6: Buuruljuut Power Plant | G6: М банк | H6: Гагнуурын бээлий илгэн материалтай урт Honeywell | I6: ш | J6: 10 | K6: 27500 | L6: =J6*K6 | M6: =L6/1.1 | N6: =L6-M6
A7: 2 | B7: 2026-07-28 | C7: 26-1105 | D7: 2026-07 | E7: Евро Ази Сервис ХХК | F7: Buuruljuut Power Plant | G7: М банк | H7: Гагнуурын бээлий арьсан материалтай нимгэн богино Kamelo | I7: ш | J7: 10 | K7: 29700 | L7: =J7*K7 | M7: =L7/1.1 | N7: =L7-M7
A8: 2 | B8: 2026-07-28 | C8: 26-1105 | D8: 2026-07 | E8: Евро Ази Сервис ХХК | F8: Buuruljuut Power Plant | G8: М банк | H8: Гагнуурын хормогч илгэн материалтай | I8: ш | J8: 10 | K8: 38500 | L8: =J8*K8 | M8: =L8/1.1 | N8: =L8-M8
A9: 2 | B9: 2026-07-28 | C9: 26-1105 | D9: 2026-07 | E9: Евро Ази Сервис ХХК | F9: Buuruljuut Power Plant | G9: М банк | H9: Хамелион багны дотор шил 3M Speedglas 100 | I9: ш | J9: 10 | K9: 605000 | L9: =J9*K9 | M9: =L9/1.1 | N9: =L9-M9
A10: 2 | B10: 2026-07-28 | C10: 26-1105 | D10: 2026-07 | E10: Евро Ази Сервис ХХК | F10: Buuruljuut Power Plant | G10: М банк | H10: Гагнуурын багны гадна шил / цагаан | I10: ш | J10: 10 | K10: 13200 | L10: =J10*K10 | M10: =L10/1.1 | N10: =L10-M10
A11: 3 | B11: 2026-08-04 | C11: 26-1106 | D11: 2026-08 | E11: Евро Ази Сервис ХХК | F11: Buuruljuut Power Plant | G11: М банк | H11: Комбинзон (угаадаг) | I11: ш | J11: 300 | K11: 38500 | L11: =J11*K11 | M11: =L11/1.1 | N11: =L11-M11
A12: 3 | B12: 2026-08-04 | C12: 26-1106 | D12: 2026-08 | E12: Евро Ази Сервис ХХК | F12: Buuruljuut Power Plant | G12: М банк | H12: 1 удаагийн комбинзон | I12: ш | J12: 900 | K12: 8800 | L12: =J12*K12 | M12: =L12/1.1 | N12: =L12-M12
A13: 4 | B13: 2026-08-05 | C13: 26-1107 | D13: 2026-08 | E13: Евро Ази Сервис ХХК | F13: Buuruljuut Power Plant | G13: М банк | H13: 3M 9502+ FFP2 Mask | I13: ш | J13: 500 | K13: 1980 | L13: =J13*K13 | M13: =L13/1.1 | N13: =L13-M13
... A17: 4 | B17: 2026-08-05 | C17: 26-1107 | D17: 2026-08 | E17: Евро Ази Сервис ХХК | F17: Buuruljuut Power Plant | G17: М банк | H17: Усны гутал | I17: ш | J17: 30 | K17: 132000 | L17: =J17*K17 | M17: =L17/1.1 | N17: =L17-M17
A18: 5 | B18: 2026-08-05 | C18: 26-1108 | D18: 2026-08 | E18: Евро Ази Сервис ХХК | F18: Buuruljuut Power Plant | G18: Голомт банк | H18: Худалдан авах, худалдах гэрээний үлдэгдэл төлбөр | J18: 1 | K18: 42310300 | L18: =J18*K18 | M18: =L18/1.1 | N18: =L18-M18
A19: 6 | B19: 2026-08-10 | C19: 26-1109 | D19: 2026-08 | E19: Евро Ази Сервис ХХК | F19: Buuruljuut Power Plant | G19: Голомт банк | H19: Асгаралтын иж бүрдэл 120л | I19: ш | J19: 2 | K19: 770000 | L19: =J19*K19 | M19: =L19/1.1 | N19: =L19-M19
A20: 6 | B20: 2026-08-10 | C20: 26-1109 | D20: 2026-08 | E20: Евро Ази Сервис ХХК | F20: Buuruljuut Power Plant | G20: Голомт банк | H20: Галын сарай их бүрдэл | I20: ш | J20: 2 | K20: 1650000 | L20: =J20*K20 | M20: =L20/1.1 | N20: =L20-M20
A21: 7 | B21: 2026-08-10 | C21: 26-1110 | D21: 2026-08 | E21: Евро Ази Сервис ХХК | F21: Buuruljuut Power Plant | G21: Голомт банк | H21: Борооны цув | I21: ш | J21: 12 | K21: 49500 | L21: =J21*K21 | M21: =L21/1.1 | N21: =L21-M21
A22: 8 | B22: 2026-08-25 | C22: 26-1118 | D22: 2026-08 | E22: Евро Ази Сервис ХХК | F22: Buuruljuut Power Plant | G22: Голомт банк | H22: Нэг удаагийн малгай | I22: ш | J22: 3 | K22: 22000 | L22: =J22*K22 | M22: =L22/1.1 | N22: =L22-M22
A23: 8 | B23: 2026-08-25 | C23: 26-1118 | D23: 2026-08 | E23: Евро Ази Сервис ХХК | F23: Buuruljuut Power Plant | G23: Голомт банк | H23: Духны гэрэл | I23: ш | J23: 10 | K23: 38500 | L23: =J23*K23 | M23: =L23/1.1 | N23: =L23-M23
A24: 9 | B24: 2026-09-01 | C24: 26-1122 | D24: 2026-09 | E24: Евро Ази Сервис ХХК | F24: Buuruljuut Power Plant | G24: М банк | H24: Гал унтраагуур цэнэглэлт 35кг | I24: ш | J24: 20 | K24: 192500 | L24: =J24*K24 | M24: =L24/1.1 | N24: =L24-M24
A25: 9 | B25: 2026-09-01 | C25: 26-1122 | D25: 2026-09 | E25: Евро Ази Сервис ХХК | F25: Buuruljuut Power Plant | G25: М банк | H25: Гал унтраагуур цэнэглэлт 9кг | I25: ш | J25: 25 | K25: 49500 | L25: =J25*K25 | M25: =L25/1.1 | N25: =L25-M25
A26: 9 | B26: 2026-09-01 | C26: 26-1122 | D26: 2026-09 | E26: Евро Ази Сервис ХХК | F26: Buuruljuut Power Plant | G26: М банк | H26: Гал унтраагуур цэнэглэлт 6кг | I26: ш | J26: 12 | K26: 33000 | L26: =J26*K26 | M26: =L26/1.1 | N26: =L26-M26
A27: 9 | B27: 2026-09-01 | C27: 26-1122 | D27: 2026-09 | E27: Евро Ази Сервис ХХК | F27: Buuruljuut Power Plant | G27: М банк | H27: Гал унтраагуур цэнэглэлт 4кг | I27: ш | J27: 9 | K27: 22000 | L27: =J27*K27 | M27: =L27/1.1 | N27: =L27-M27
A28: 10 | B28: 2026-09-02 | C28: 26-1123 | D28: 2026-09 | E28: Евро Ази Сервис ХХК | F28: Buuruljuut Power Plant | G28: М банк | H28: 1 удаагийн комбинзон | I28: ш | J28: 500 | K28: 8800 | L28: =J28*K28 | M28: =L28/1.1 | N28: =L28-M28
A29: 10 | B29: 2026-09-02 | C29: 26-1123 | D29: 2026-09 | E29: Евро Ази Сервис ХХК | F29: Buuruljuut Power Plant | G29: М банк | H29: Ажлын бээлий/ алгатай саарал | I29: ш | J29: 150 | K29: 16500 | L29: =J29*K29 | M29: =L29/1.1 | N29: =L29-M29
A30: 11 | B30: 2026-09-02 | C30: 26-1124 | D30: 2026-09 | E30: Евро Ази Сервис ХХК | F30: Buuruljuut Power Plant | G30: М банк | H30: 3M 9502+ FFP2 Mask | I30: ш | J30: 1000 | K30: 1980 | L30: =J30*K30 | M30: =L30/1.1 | N30: =L30-M30
... A33: 14 | B33: 2026-09-08 | C33: 26-1130 | D33: 2026-09 | E33: Евро Ази Сервис ХХК | F33: Buuruljuut Power Plant | G33: М банк | H33: Гидрантын хаалт Ф65 | I33: ш | J33: 80 | K33: 165000 | L33: =J33*K33 | M33: =L33/1.1 | N33: =L33-M33
A34: НИЙТ | J34: =SUM(J2:J33) | L34: =SUM(L2:L33) | M34: =SUM(M2:M33) | N34: =SUM(N2:N33)

Sheet Сараар
A1: Сар | B1: Нэхэмжлэхийн тоо | C1: Нийт (НӨАТ-тэй) | D1: НӨАТ-гүй | E1: НӨАТ 10%
A2: 2026-07 | B2: =COUNTIFS(Нэхэмжлэх!B:B,A2&"*") | C2: =SUMIF(Мөрүүд!D:D,A2,Мөрүүд!L:L) | D2: =C2/1.1 | E2: =C2-D2
A3: 2026-08 | B3: =COUNTIFS(Нэхэмжлэх!B:B,A3&"*") | C3: =SUMIF(Мөрүүд!D:D,A3,Мөрүүд!L:L) | D3: =C3/1.1 | E3: =C3-D3
A4: 2026-09 | B4: =COUNTIFS(Нэхэмжлэх!B:B,A4&"*") | C4: =SUMIF(Мөрүүд!D:D,A4,Мөрүүд!L:L) | D4: =C4/1.1 | E4: =C4-D4
A5: НИЙТ | B5: =SUM(B2:B4) | C5: =SUM(C2:C4) | D5: =SUM(D2:D4) | E5: =SUM(E2:E4)

Sheet Бараагаар
A1: Бараа материал | B1: Нэгж | C1: Нийт тоо | D1: Дундаж үнэ | E1: Нийт (НӨАТ-тэй)
A2: 1 удаагийн комбинзон | B2: ш | C2: =SUMIF(Мөрүүд!H:H,A2,Мөрүүд!J:J) | D2: =IFERROR(E2/C2,0) | E2: =SUMIF(Мөрүүд!H:H,A2,Мөрүүд!L:L)
A3: 3M 9502+ FFP2 Mask | B3: ш | C3: =SUMIF(Мөрүүд!H:H,A3,Мөрүүд!J:J) | D3: =IFERROR(E3/C3,0) | E3: =SUMIF(Мөрүүд!H:H,A3,Мөрүүд!L:L)
A4: N95 маск | B4: ш | C4: =SUMIF(Мөрүүд!H:H,A4,Мөрүүд!J:J) | D4: =IFERROR(E4/C4,0) | E4: =SUMIF(Мөрүүд!H:H,A4,Мөрүүд!L:L)
A5: TSI DustTrak II Handheld Aerosol Monitor | B5: ш | C5: =SUMIF(Мөрүүд!H:H,A5,Мөрүүд!J:J) | D5: =IFERROR(E5/C5,0) | E5: =SUMIF(Мөрүүд!H:H,A5,Мөрүүд!L:L)
A6: Ажлын бээлий/ алгатай саарал | B6: ш | C6: =SUMIF(Мөрүүд!H:H,A6,Мөрүүд!J:J) | D6: =IFERROR(E6/C6,0) | E6: =SUMIF(Мөрүүд!H:H,A6,Мөрүүд!L:L)
A7: Алгатай бээлий | B7: ш | C7: =SUMIF(Мөрүүд!H:H,A7,Мөрүүд!J:J) | D7: =IFERROR(E7/C7,0) | E7: =SUMIF(Мөрүүд!H:H,A7,Мөрүүд!L:L)
A8: Асгаралтын иж бүрдэл 120л | B8: ш | C8: =SUMIF(Мөрүүд!H:H,A8,Мөрүүд!J:J) | D8: =IFERROR(E8/C8,0) | E8: =SUMIF(Мөрүүд!H:H,A8,Мөрүүд!L:L)
A9: Борооны цув | B9: ш | C9: =SUMIF(Мөрүүд!H:H,A9,Мөрүүд!J:J) | D9: =IFERROR(E9/C9,0) | E9: =SUMIF(Мөрүүд!H:H,A9,Мөрүүд!L:L)
A10: Бээлий /Цагаан | B10: ш | C10: =SUMIF(Мөрүүд!H:H,A10,Мөрүүд!J:J) | D10: =IFERROR(E10/C10,0) | E10: =SUMIF(Мөрүүд!H:H,A10,Мөрүүд!L:L)
A11: Гагнуурын багны гадна шил / цагаан | B11: ш | C11: =SUMIF(Мөрүүд!H:H,A11,Мөрүүд!J:J) | D11: =IFERROR(E11/C11,0) | E11: =SUMIF(Мөрүүд!H:H,A11,Мөрүүд!L:L)
A12: Гагнуурын бээлий арьсан материалтай нимгэн богино Kamelo | B12: ш | C12: =SUMIF(Мөрүүд!H:H,A12,Мөрүүд!J:J) | D12: =IFERROR(E12/C12,0) | E12: =SUMIF(Мөрүүд!H:H,A12,Мөрүүд!L:L)
A13: Гагнуурын бээлий илгэн материалтай урт Honeywell | B13: ш | C13: =SUMIF(Мөрүүд!H:H,A13,Мөрүүд!J:J) | D13: =IFERROR(E13/C13,0) | E13: =SUMIF(Мөрүүд!H:H,A13,Мөрүүд!L:L)
... A28: Хамелион багны дотор шил 3M Speedglas 100 | B28: ш | C28: =SUMIF(Мөрүүд!H:H,A28,Мөрүүд!J:J) | D28: =IFERROR(E28/C28,0) | E28: =SUMIF(Мөрүүд!H:H,A28,Мөрүүд!L:L)
A29: Худалдан авах, худалдах гэрээний үлдэгдэл төлбөр | C29: =SUMIF(Мөрүүд!H:H,A29,Мөрүүд!J:J) | D29: =IFERROR(E29/C29,0) | E29: =SUMIF(Мөрүүд!H:H,A29,Мөрүүд!L:L)
A30: НИЙТ | E30: =SUM(E2:E29)
